{
    "metrics": {
        "data_sent": {
            "count": 74484810,
            "rate": 290977.7143278782
        },
        "data_received": {
            "rate": 9029033.224035503,
            "count": 2311262310
        },
        "group_duration": {
            "avg": 248.26225041433895,
            "med": 229.7425735,
            "p(90)": 484.8050375000001,
            "p(95)": 573.0901298499994,
            "p(99)": 817.1954642799988,
            "max": 2699.999128,
            "min": 4.112851
        },
        "http_req_duration{expected_response:true}": {
            "p(99)": 815.1412993699996,
            "max": 2699.621291,
            "min": -689.238434,
            "avg": 245.4811384983275,
            "med": 225.470823,
            "p(90)": 483.41590110000004,
            "p(95)": 571.9441546999999
        },
        "http_req_sending": {
            "p(99)": 0.45128875999999596,
            "max": 81.590998,
            "min": -7.873333,
            "avg": 0.05731785912048402,
            "med": 0.018138,
            "p(90)": 0.05046210000000004,
            "p(95)": 0.08453724999999988
        },
        "http_req_connecting": {
            "avg": 0.09409604560241715,
            "med": 0,
            "p(90)": 0,
            "p(95)": 0,
            "p(99)": 0,
            "max": 1105.01737,
            "min": 0
        },
        "http_req_waiting": {
            "p(95)": 548.675647099999,
            "p(99)": 762.6172999299998,
            "max": 2083.207696,
            "min": 0,
            "avg": 233.1379381366359,
            "med": 212.69045749999998,
            "p(90)": 463.8151259
        },
        "vus": {
            "value": 3,
            "min": 3,
            "max": 500
        },
        "http_req_tls_handshaking": {
            "min": 0,
            "avg": 0,
            "med": 0,
            "p(90)": 0,
            "p(95)": 0,
            "p(99)": 0,
            "max": 0
        },
        "latency_read": {
            "min": -689.238434,
            "avg": 222.85535345292033,
            "med": 201.017801,
            "p(90)": 443.6868903,
            "p(95)": 523.5314546999996,
            "p(99)": 770.6066570400003,
            "max": 2641.853572
        },
        "vus_max": {
            "max": 500,
            "value": 500,
            "min": 500
        },
        "iterations": {
            "count": 258824,
            "rate": 1011.1056997151333
        },
        "http_req_duration": {
            "min": -689.238434,
            "avg": 245.4811384983275,
            "med": 225.470823,
            "p(90)": 483.41590110000004,
            "p(95)": 571.9441546999999,
            "p(99)": 815.1412993699996,
            "max": 2699.621291
        },
        "total_requests": {
            "count": 258824,
            "rate": 1011.1056997151333
        },
        "errors": {
            "passes": 0,
            "fails": 258824,
            "thresholds": {
                "rate<0.50": false
            },
            "value": 0
        },
        "iteration_duration": {
            "p(95)": 573.1515923499996,
            "p(99)": 817.3817675999995,
            "max": 2700.025889,
            "min": 4.127924,
            "avg": 248.3393585979725,
            "med": 229.8366735,
            "p(90)": 484.8887882
        },
        "checks": {
            "passes": 258824,
            "fails": 0,
            "value": 1
        },
        "latency_write": {
            "min": -587.9007,
            "avg": 298.15167598477854,
            "med": 296.15310550000004,
            "p(90)": 554.1599090999998,
            "p(95)": 646.8852699999997,
            "p(99)": 861.9878747400005,
            "max": 2699.621291
        },
        "http_req_failed": {
            "passes": 0,
            "fails": 258824,
            "thresholds": {
                "rate<0.50": false
            },
            "value": 0
        },
        "http_reqs": {
            "count": 258824,
            "rate": 1011.1056997151333
        },
        "http_req_receiving": {
            "max": 1479.492116,
            "min": -900.766338,
            "avg": 12.285882502569317,
            "med": 1.4123465,
            "p(90)": 31.387571900000008,
            "p(95)": 58.33617119999979,
            "p(99)": 162.9224751499997
        },
        "http_req_blocked": {
            "min": 0,
            "avg": 0.10937870238076687,
            "med": 0.005479,
            "p(90)": 0.010703,
            "p(95)": 0.015884,
            "p(99)": 0.08969316999999978,
            "max": 1105.108799
        }
    },
    "root_group": {
        "name": "",
        "path": "",
        "id": "d41d8cd98f00b204e9800998ecf8427e",
        "groups": {
            "read": {
                "path": "::read",
                "id": "d1106446f368c9978534af4524a1a48a",
                "groups": {},
                "checks": {
                        "read ok": {
                            "id": "a5913e97ecafb36cc186bf985d7a528d",
                            "passes": 181050,
                            "fails": 0,
                            "name": "read ok",
                            "path": "::read::read ok"
                        }
                    },
                "name": "read"
            },
            "write": {
                "path": "::write",
                "id": "84264c69d396f9816cf35d91a2b263f7",
                "groups": {},
                "checks": {
                        "write ok": {
                            "name": "write ok",
                            "path": "::write::write ok",
                            "id": "16d3c3306ae2ac946fe9577f4bd00bc6",
                            "passes": 77774,
                            "fails": 0
                        }
                    },
                "name": "write"
            }
        },
        "checks": {}
    }
}