{
    "metrics": {
        "http_req_duration": {
            "p(90)": 56.678647400000024,
            "p(95)": 91.03170619999987,
            "p(99)": 175.60179539999993,
            "max": 684.076657,
            "min": 0.043574,
            "avg": 28.16410462417893,
            "med": 17.395236
        },
        "checks": {
            "passes": 47959,
            "fails": 0,
            "value": 1
        },
        "http_req_sending": {
            "max": 16.42961,
            "min": 0.006649,
            "avg": 0.03991666656936143,
            "med": 0.018652,
            "p(90)": 0.05872100000000002,
            "p(95)": 0.08978409999999988,
            "p(99)": 0.2559290799999997
        },
        "iteration_duration": {
            "p(95)": 92.23086159999995,
            "p(99)": 176.6516350799994,
            "max": 5702.124719,
            "min": 6.625369,
            "avg": 28.9768480758147,
            "med": 17.858991,
            "p(90)": 57.657436400000144
        },
        "http_req_waiting": {
            "med": 17.146785,
            "p(90)": 55.81016260000002,
            "p(95)": 88.28712729999994,
            "p(99)": 166.86675023999973,
            "max": 504.727205,
            "min": 0,
            "avg": 27.41870188679892
        },
        "data_received": {
            "count": 71341201,
            "rate": 1035999.218277136
        },
        "orders_created": {
            "count": 47959,
            "rate": 696.4486974273557
        },
        "vus": {
            "max": 30,
            "value": 1,
            "min": 1
        },
        "data_sent": {
            "rate": 517461.3821885253,
            "count": 35633537
        },
        "iterations": {
            "count": 47959,
            "rate": 696.4486974273557
        },
        "http_req_blocked": {
            "max": 5671.143783,
            "min": 0.001761,
            "avg": 0.2956570788173232,
            "med": 0.00497,
            "p(90)": 0.010299600000000015,
            "p(95)": 0.0177411,
            "p(99)": 0.05321459999999986
        },
        "http_req_tls_handshaking": {
            "p(99)": 0,
            "max": 0,
            "min": 0,
            "avg": 0,
            "med": 0,
            "p(90)": 0,
            "p(95)": 0
        },
        "http_req_failed": {
            "passes": 0,
            "fails": 47959,
            "thresholds": {
                "rate<0.05": false
            },
            "value": 0
        },
        "http_reqs": {
            "count": 47959,
            "rate": 696.4486974273557
        },
        "http_req_receiving": {
            "p(90)": 0.5594444000000001,
            "p(95)": 1.171328699999999,
            "p(99)": 9.363362219999944,
            "max": 358.737303,
            "min": 0.019708,
            "avg": 0.7054860708104805,
            "med": 0.078873
        },
        "http_req_duration{expected_response:true}": {
            "min": 0.043574,
            "avg": 28.16410462417893,
            "med": 17.395236,
            "p(90)": 56.678647400000024,
            "p(95)": 91.03170619999987,
            "p(99)": 175.60179539999993,
            "max": 684.076657
        },
        "http_req_connecting": {
            "p(90)": 0,
            "p(95)": 0,
            "p(99)": 0,
            "max": 5670.790874,
            "min": 0,
            "avg": 0.28700159682228565,
            "med": 0
        },
        "vus_max": {
            "min": 30,
            "max": 30,
            "value": 30
        },
        "http_req_duration{ep:create}": {
            "p(95)": 91.03170619999987,
            "p(99)": 175.60179539999993,
            "max": 684.076657,
            "min": 0.043574,
            "avg": 28.16410462417893,
            "med": 17.395236,
            "p(90)": 56.678647400000024,
            "thresholds": {
                "p(95)<1500": false,
                "p(99)<3000": false
            }
        },
        "errors": {
            "passes": 0,
            "fails": 47959,
            "thresholds": {
                "rate<0.05": false
            },
            "value": 0
        },
        "latency_create_order": {
            "p(90)": 56.678647400000024,
            "p(95)": 91.03170619999987,
            "p(99)": 175.60179539999993,
            "max": 684.076657,
            "min": 0.043574,
            "avg": 28.16410462417893,
            "med": 17.395236
        }
    },
    "root_group": {
        "name": "",
        "path": "",
        "id": "d41d8cd98f00b204e9800998ecf8427e",
        "groups": {},
        "checks": {
                "create accepted (200/201/202)": {
                    "name": "create accepted (200/201/202)",
                    "path": "::create accepted (200/201/202)",
                    "id": "e9d5fe05bb83395c408bfb2e5581b572",
                    "passes": 47959,
                    "fails": 0
                }
            }
    }
}