{
    "metrics": {
        "http_req_failed": {
            "passes": 0,
            "fails": 256329,
            "thresholds": {
                "rate<0.01": false
            },
            "value": 0
        },
        "http_req_blocked": {
            "max": 40.324321,
            "min": 0.001024,
            "avg": 0.009153120856399197,
            "med": 0.003751,
            "p(90)": 0.006312,
            "p(95)": 0.008406,
            "p(99)": 0.054424800000000044
        },
        "http_req_receiving": {
            "p(90)": 0.8003216000000024,
            "p(95)": 4.138923599999984,
            "p(99)": 15.698441720000002,
            "max": 98.800478,
            "min": -1.860516,
            "avg": 0.7329470658918584,
            "med": 0.043495
        },
        "iterations": {
            "count": 85443,
            "rate": 1068.0689813866297
        },
        "vus": {
            "value": 1,
            "min": 1,
            "max": 100
        },
        "iteration_duration": {
            "p(99)": 159.67403780000004,
            "max": 282.02022,
            "min": 6.388057,
            "avg": 59.80342252432707,
            "med": 58.386969,
            "p(90)": 99.44924080000001,
            "p(95)": 116.30115419999993
        },
        "vus_max": {
            "value": 100,
            "min": 100,
            "max": 100
        },
        "http_req_tls_handshaking": {
            "avg": 0,
            "med": 0,
            "p(90)": 0,
            "p(95)": 0,
            "p(99)": 0,
            "max": 0,
            "min": 0
        },
        "errors": {
            "passes": 0,
            "fails": 256329,
            "thresholds": {
                "rate<0.01": false
            },
            "value": 0
        },
        "http_req_connecting": {
            "avg": 0.0018410091483991276,
            "med": 0,
            "p(90)": 0,
            "p(95)": 0,
            "p(99)": 0,
            "max": 39.929402,
            "min": 0
        },
        "data_received": {
            "count": 75018954,
            "rate": 937764.565657461
        },
        "http_req_sending": {
            "avg": 0.03005710714745453,
            "med": 0.010938,
            "p(90)": 0.025794600000000036,
            "p(95)": 0.04896339999999979,
            "p(99)": 0.2243718400000001,
            "max": 45.635453,
            "min": -1.878073
        },
        "latency_list": {
            "p(90)": 35.420758,
            "p(95)": 43.31246069999999,
            "p(99)": 64.41955638,
            "max": 141.164616,
            "min": 1.824016,
            "avg": 20.072870091897965,
            "med": 18.129406
        },
        "data_sent": {
            "rate": 390913.2471875065,
            "count": 31272138
        },
        "group_duration": {
            "p(95)": 43.27917719999999,
            "p(99)": 64.29056368,
            "max": 154.513884,
            "min": 1.549141,
            "avg": 19.90348601657612,
            "med": 17.897641,
            "p(90)": 35.334536400000005
        },
        "total_requests": {
            "rate": 3204.2069441598896,
            "count": 256329
        },
        "latency_list_paged": {
            "avg": 20.260701091394502,
            "med": 18.219633,
            "p(90)": 35.541402000000005,
            "p(95)": 43.43796669999999,
            "p(99)": 65.28162184,
            "max": 154.139666,
            "min": 2.291374
        },
        "checks": {
            "passes": 256329,
            "fails": 0,
            "value": 1
        },
        "http_req_waiting": {
            "max": 144.834923,
            "min": 1.410504,
            "avg": 18.910130297094707,
            "med": 17.140165,
            "p(90)": 33.4038228,
            "p(95)": 40.734287,
            "p(99)": 61.19466388
        },
        "http_req_duration{expected_response:true}": {
            "p(99)": 63.89426516,
            "max": 154.139666,
            "min": 1.450559,
            "avg": 19.673134470134208,
            "med": 17.682733,
            "p(90)": 35.028384200000005,
            "p(95)": 42.93262159999989
        },
        "latency_stats": {
            "med": 16.653063,
            "p(90)": 33.9598512,
            "p(95)": 41.92636779999999,
            "p(99)": 62.009362160000016,
            "max": 141.862328,
            "min": 1.450559,
            "avg": 18.685832227110314
        },
        "http_req_duration": {
            "p(99)": 63.89426516,
            "max": 154.139666,
            "min": 1.450559,
            "avg": 19.673134470134208,
            "med": 17.682733,
            "p(90)": 35.028384200000005,
            "p(95)": 42.93262159999989,
            "thresholds": {
                "p(95)<500": false,
                "p(99)<1500": false
            }
        },
        "http_reqs": {
            "count": 256329,
            "rate": 3204.2069441598896
        }
    },
    "root_group": {
        "path": "",
        "id": "d41d8cd98f00b204e9800998ecf8427e",
        "groups": {
            "stats": {
                "checks": {
                    "stats 200": {
                        "name": "stats 200",
                        "path": "::stats::stats 200",
                        "id": "c88e2a4caacc621b62a47e28238c37eb",
                        "passes": 85443,
                        "fails": 0
                    }
                },
                "name": "stats",
                "path": "::stats",
                "id": "82f8245c4f657662f71f2d0ea5a4762d",
                "groups": {}
            },
            "list": {
                "id": "e14db73902ddceffdd9cd8c81f61b4d5",
                "groups": {},
                "checks": {
                        "list 200": {
                            "passes": 85443,
                            "fails": 0,
                            "name": "list 200",
                            "path": "::list::list 200",
                            "id": "cf5d9026af75935cdd9f36125301ae6f"
                        }
                    },
                "name": "list",
                "path": "::list"
            },
            "list_status": {
                "path": "::list_status",
                "id": "7a618005ecee1f799c625af38fd8fa4f",
                "groups": {},
                "checks": {
                        "list_status 200": {
                            "name": "list_status 200",
                            "path": "::list_status::list_status 200",
                            "id": "a2c0864f1c2b13d8e73c33b6ab3118ce",
                            "passes": 85443,
                            "fails": 0
                        }
                    },
                "name": "list_status"
            }
        },
        "checks": {},
        "name": ""
    }
}