{
    "metrics": {
        "http_req_duration{ep:create}": {
            "max": 106.491581,
            "min": 5.469651,
            "avg": 19.177058466769342,
            "med": 17.057865,
            "p(90)": 31.084370400000005,
            "p(95)": 37.29434339999994,
            "p(99)": 53.20941023999989,
            "thresholds": {
                "p(95)<1500": false,
                "p(99)<3000": false
            }
        },
        "checks": {
            "passes": 70733,
            "fails": 0,
            "value": 1
        },
        "errors": {
            "passes": 0,
            "fails": 70733,
            "thresholds": {
                "rate<0.05": false
            },
            "value": 0
        },
        "iteration_duration": {
            "min": 5.664007,
            "avg": 19.63161199850137,
            "med": 17.475184,
            "p(90)": 31.6417362,
            "p(95)": 37.85454239999999,
            "p(99)": 53.82482727999986,
            "max": 1671.105095
        },
        "vus": {
            "value": 1,
            "min": 1,
            "max": 30
        },
        "http_req_duration": {
            "max": 106.491581,
            "min": 5.469651,
            "avg": 19.177058466769342,
            "med": 17.057865,
            "p(90)": 31.084370400000005,
            "p(95)": 37.29434339999994,
            "p(99)": 53.20941023999989
        },
        "http_req_failed": {
            "passes": 0,
            "fails": 70733,
            "thresholds": {
                "rate<0.05": false
            },
            "value": 0
        },
        "data_received": {
            "count": 29346353,
            "rate": 419218.98678303947
        },
        "vus_max": {
            "value": 30,
            "min": 30,
            "max": 30
        },
        "http_req_waiting": {
            "p(90)": 30.78290140000001,
            "p(95)": 37.00880799999997,
            "p(99)": 52.77853503999971,
            "max": 106.386188,
            "min": 5.359472,
            "avg": 18.978462722039286,
            "med": 16.872102
        },
        "http_req_connecting": {
            "avg": 0.026690390468381096,
            "med": 0,
            "p(90)": 0,
            "p(95)": 0,
            "p(99)": 0,
            "max": 1653.261894,
            "min": 0
        },
        "latency_create_order": {
            "p(90)": 31.084370400000005,
            "p(95)": 37.29434339999994,
            "p(99)": 53.20941023999989,
            "max": 106.491581,
            "min": 5.469651,
            "avg": 19.177058466769342,
            "med": 17.057865
        },
        "http_req_duration{expected_response:true}": {
            "p(99)": 53.20941023999989,
            "max": 106.491581,
            "min": 5.469651,
            "avg": 19.177058466769342,
            "med": 17.057865,
            "p(90)": 31.084370400000005,
            "p(95)": 37.29434339999994
        },
        "http_req_blocked": {
            "min": 0.00153,
            "avg": 0.03367675274624273,
            "med": 0.004837,
            "p(90)": 0.008138,
            "p(95)": 0.010501399999999994,
            "p(99)": 0.04371559999999969,
            "max": 1653.367689
        },
        "http_req_tls_handshaking": {
            "min": 0,
            "avg": 0,
            "med": 0,
            "p(90)": 0,
            "p(95)": 0,
            "p(99)": 0,
            "max": 0
        },
        "http_req_receiving": {
            "p(90)": 0.2129170000000002,
            "p(95)": 0.5121493999999989,
            "p(99)": 2.3737948799999917,
            "max": 21.02557,
            "min": 0.017408,
            "avg": 0.1663090127380447,
            "med": 0.059181
        },
        "data_sent": {
            "count": 52554619,
            "rate": 750754.0759135786
        },
        "http_reqs": {
            "count": 70733,
            "rate": 1010.4361721582485
        },
        "orders_created": {
            "count": 70733,
            "rate": 1010.4361721582485
        },
        "http_req_sending": {
            "p(95)": 0.0693737999999999,
            "p(99)": 0.20383199999999896,
            "max": 5.942382,
            "min": 0.006532,
            "avg": 0.03228673199213989,
            "med": 0.017563,
            "p(90)": 0.050565
        },
        "iterations": {
            "count": 70733,
            "rate": 1010.4361721582485
        }
    },
    "root_group": {
        "name": "",
        "path": "",
        "id": "d41d8cd98f00b204e9800998ecf8427e",
        "groups": {},
        "checks": {
                "create accepted (200/201/202)": {
                    "passes": 70733,
                    "fails": 0,
                    "name": "create accepted (200/201/202)",
                    "path": "::create accepted (200/201/202)",
                    "id": "e9d5fe05bb83395c408bfb2e5581b572"
                }
            }
    }
}